"Wind.Resource.Region","TRG","CF"
1,"class1",0.456283004709475
1,"class10",0.122117296772667
1,"class2",0.454881607676941
1,"class3",0.43734256975137
1,"class4",0.441068064619635
1,"class5",0.439750377762671
1,"class6",0.392520373315525
1,"class7",0.322331285722831
1,"class8",0.249185905837557
1,"class9",0.188880876642808
10,"class1",0.474501560134361
10,"class10",0.11761901844774
10,"class2",0.461735598173516
10,"class3",0.451604291763699
10,"class4",0.450262697854566
10,"class5",0.443796082694521
10,"class6",0.404523265761758
10,"class7",0.332062237164384
10,"class8",0.252702597053196
10,"class9",0.194886600716781
100,"class1",0.461393750374201
100,"class2",0.460338987136758
100,"class3",0.459428981052055
100,"class4",0.457997761918151
100,"class5",0.450600379227854
100,"class6",0.417289950754338
100,"class7",0.359582761373059
101,"class1",0.467661658234703
101,"class2",0.46475923350605
101,"class3",0.460184254455708
101,"class4",0.458961420123402
101,"class5",0.449213658513927
101,"class6",0.419008979733105
102,"class1",0.467781810963584
102,"class2",0.463361220206279
102,"class3",0.465050880233333
102,"class4",0.463791135478311
102,"class5",0.457535690336758
102,"class6",0.424637080784817
102,"class7",0.365319174469178
103,"class4",0.465663316417123
103,"class5",0.454476369147717
103,"class6",0.42828748168105
104,"class1",0.463493352508333
104,"class2",0.457563261641438
104,"class3",0.45328493991484
104,"class4",0.453484023448174
104,"class5",0.446510740393379
104,"class6",0.407068260174429
104,"class7",0.358048679642922
105,"class1",0.465852989027055
105,"class2",0.462105337808904
105,"class3",0.457631623152511
105,"class4",0.457554393387215
105,"class5",0.448646134914726
105,"class6",0.404898952833219
105,"class7",0.348653932740297
105,"class8",0.261012680263584
106,"class1",0.465865429072489
106,"class2",0.461644136866096
106,"class3",0.461301608350114
106,"class4",0.459929178757877
106,"class5",0.451445858869292
106,"class6",0.407699999757306
106,"class7",0.348716671002968
107,"class1",0.462720036508562
107,"class2",0.455891641518037
107,"class3",0.453327959462215
107,"class4",0.451857440534589
107,"class5",0.445159062751484
107,"class6",0.397246024132877
107,"class7",0.356929410757192
108,"class1",0.463459315565411
108,"class2",0.461382895416438
108,"class3",0.459602176922717
108,"class4",0.458920898676484
108,"class5",0.450976249927968
108,"class6",0.404595188330479
108,"class7",0.353655857369863
109,"class1",0.464102592844178
109,"class2",0.463631147084703
109,"class3",0.461263323093379
109,"class4",0.459149254518379
109,"class5",0.455570231475
109,"class6",0.430844385652511
11,"class10",0.10638326896153
11,"class3",0.459280597031963
11,"class5",0.456931629600342
11,"class6",0.409189493154795
11,"class7",0.321821114419977
11,"class8",0.245379891633425
11,"class9",0.194110953012329
110,"class1",0.46670135039589
110,"class2",0.462683355490639
110,"class3",0.461489104729224
110,"class4",0.461720220687443
110,"class5",0.455491411692694
110,"class6",0.412494137053881
110,"class7",0.3580115011121
111,"class1",0.471797325542466
111,"class2",0.471550764269406
111,"class3",0.470995982063813
111,"class4",0.467361492363813
111,"class5",0.456634439683333
111,"class6",0.409712681045205
111,"class7",0.350411034837443
112,"class1",0.47265862345605
112,"class2",0.464417377466553
112,"class3",0.4641629508129
112,"class4",0.462691365884247
112,"class5",0.456154452691438
112,"class6",0.431844667217009
113,"class1",0.473585250623973
113,"class2",0.473574815858562
113,"class3",0.47145940684121
113,"class4",0.469403306278767
113,"class5",0.464819476796119
113,"class6",0.41734022477968
114,"class1",0.458499239304338
114,"class2",0.450672698607648
114,"class3",0.440864762359475
114,"class4",0.437662862448744
114,"class5",0.437050708672374
114,"class6",0.403419070953425
114,"class7",0.356372481506393
115,"class1",0.463368561555365
115,"class2",0.448865519973059
115,"class3",0.448675873893607
115,"class4",0.447033359301256
115,"class5",0.443984050111416
115,"class6",0.409457369993493
115,"class7",0.36130989783105
116,"class1",0.463477871721689
116,"class2",0.456855452064269
116,"class3",0.45288460630605
116,"class4",0.451956634172831
116,"class5",0.447663960557534
116,"class6",0.410912018049886
116,"class7",0.35597017251895
117,"class1",0.4659874480371
117,"class2",0.464008435549658
117,"class3",0.462616055490639
117,"class4",0.459967664618379
117,"class5",0.452157104678995
117,"class6",0.413973769335616
117,"class7",0.362276697865183
118,"class1",0.47178042483847
118,"class2",0.467609507521347
118,"class3",0.463793421498744
118,"class4",0.464246511933333
118,"class5",0.456291166615183
118,"class6",0.416435262562671
118,"class7",0.361215853712557
119,"class2",0.470865932077626
119,"class3",0.470167784742123
119,"class4",0.468109211324201
119,"class5",0.451242938111301
119,"class6",0.404944298619521
119,"class7",0.358253188716895
12,"class1",0.47801419381347
12,"class10",0.108122418210959
12,"class2",0.458192260643607
12,"class3",0.446175926678311
12,"class4",0.443474028826826
12,"class5",0.435538164283904
12,"class6",0.404081341984361
12,"class7",0.327785150484132
12,"class8",0.254868643235616
12,"class9",0.189447574385731
120,"class4",0.475849581050228
120,"class5",0.441252443933447
120,"class6",0.413297120656393
120,"class7",0.330089489530251
120,"class8",0.274343398305365
121,"class5",0.4490755377371
121,"class6",0.421105142100571
121,"class7",0.35119573561621
122,"class2",0.462437316131507
122,"class3",0.466006183219178
122,"class4",0.463352977163813
122,"class5",0.449543447515068
122,"class6",0.42346683052968
122,"class7",0.354001498483676
123,"class1",0.474483435786872
123,"class2",0.468749307634132
123,"class3",0.467750976382078
123,"class4",0.469518438469521
123,"class5",0.467844725837671
123,"class6",0.438953293378995
124,"class5",0.445697945151027
124,"class6",0.400549219324886
124,"class7",0.322122848816096
124,"class8",0.279799867971575
125,"class3",0.468321239726027
125,"class5",0.466982608010731
125,"class6",0.419097035637671
125,"class7",0.312578577163014
125,"class8",0.266553070735959
125,"class9",0.206852755060502
126,"class6",0.396028933615639
126,"class7",0.334703877404566
126,"class8",0.27103272690879
126,"class9",0.200252656922146
127,"class6",0.396439843264726
127,"class7",0.354014615308219
127,"class8",0.297882100169635
128,"class4",0.46679671065411
128,"class5",0.460711450542694
128,"class6",0.416296848879452
128,"class7",0.343044781076941
128,"class8",0.266263368635502
128,"class9",0.207289307751484
129,"class6",0.377690721574315
129,"class7",0.304507964169635
129,"class8",0.259918795453881
129,"class9",0.200362883072603
13,"class1",0.470175024011872
13,"class10",0.0961818610628927
13,"class2",0.465385771410616
13,"class3",0.452681337737785
13,"class4",0.446906823435845
13,"class5",0.44691528302226
13,"class6",0.402782437710959
13,"class7",0.330966211080023
13,"class8",0.261352009558219
13,"class9",0.195229846220205
130,"class6",0.385273415827055
130,"class7",0.328683698410046
130,"class8",0.270173107328425
130,"class9",0.205043453076598
131,"class6",0.380224751876484
131,"class7",0.320390706719817
131,"class8",0.259925952623744
131,"class9",0.197571221230822
132,"class1",0.471326400973744
132,"class2",0.471641382406735
132,"class3",0.470121626204795
132,"class4",0.467558997047603
132,"class5",0.46022083102637
132,"class6",0.420875753621347
132,"class7",0.353838917352626
133,"class4",0.469006780251142
133,"class5",0.446408016685046
133,"class6",0.414000133342808
134,"class1",0.469272399256507
134,"class2",0.470515088770662
134,"class3",0.470130384430708
134,"class4",0.468433303322146
134,"class5",0.457529308790868
134,"class6",0.417853806433105
135,"class1",0.465347138498858
135,"class2",0.456599117282306
135,"class3",0.453544102032877
135,"class4",0.451156236009361
135,"class5",0.448967278795091
135,"class6",0.420288586774886
136,"class1",0.472116304484817
136,"class2",0.460711890417123
136,"class3",0.460782565337443
136,"class4",0.458004121218607
136,"class5",0.449272782315753
136,"class6",0.422803404905137
137,"class1",0.470115431322489
137,"class2",0.466156657296575
137,"class3",0.463562321234247
137,"class4",0.462751523463128
137,"class5",0.453221370082991
137,"class6",0.419153194783219
138,"class1",0.476319263838813
138,"class2",0.465137447256507
138,"class3",0.464584514381164
138,"class4",0.46255817137032
138,"class5",0.456074745789498
138,"class6",0.424926197488584
139,"class1",0.468878974297032
139,"class2",0.468632974274886
139,"class3",0.466582950545205
139,"class4",0.463648133335731
139,"class5",0.454860662235845
14,"class1",0.486186271228425
14,"class10",0.0797774198827626
14,"class2",0.461017652741552
14,"class3",0.457080966169292
14,"class4",0.442482304434703
14,"class5",0.43583706087226
14,"class6",0.412355268407192
14,"class7",0.334980880574201
14,"class8",0.261562425286758
14,"class9",0.1981490785379
140,"class1",0.464049363919521
140,"class2",0.467648253347831
140,"class3",0.46753486891758
140,"class4",0.466028213351941
140,"class5",0.451888139615868
140,"class6",0.406154149288014
140,"class7",0.360205359451484
141,"class1",0.466725689141096
141,"class2",0.46703835985331
141,"class3",0.467050097531849
141,"class4",0.466425248759361
141,"class5",0.450674857752968
141,"class6",0.408393937417123
141,"class7",0.350286790209703
142,"class4",0.46874546347032
142,"class5",0.443999091751027
142,"class6",0.400654946222717
142,"class7",0.351808634799543
143,"class4",0.463368319402055
143,"class5",0.44009154310605
143,"class6",0.400998067108562
143,"class7",0.356517511806735
144,"class4",0.469479104300103
144,"class5",0.443108724660502
144,"class6",0.393954036136986
144,"class7",0.349600272119521
145,"class5",0.431936470602169
145,"class6",0.389252729008219
145,"class7",0.349328726793721
146,"class5",0.430829441438699
146,"class6",0.385435923929909
146,"class7",0.333139946233402
146,"class8",0.268252296668836
147,"class10",0.141521268989155
147,"class5",0.428204850081963
147,"class6",0.386899314937215
147,"class7",0.330293379548059
147,"class8",0.248287271888927
147,"class9",0.190165258490411
148,"class1",0.467224539726587
148,"class2",0.452752960963813
148,"class3",0.454767885327169
148,"class4",0.449950015484247
148,"class5",0.442428512828539
148,"class6",0.394568562740183
148,"class7",0.340328714983676
148,"class8",0.266644707537329
149,"class1",0.466087052355205
149,"class2",0.460185307351484
149,"class3",0.459302644211644
149,"class4",0.454602609020434
149,"class5",0.444411029114498
149,"class6",0.415931275612785
15,"class1",0.465519570371005
15,"class10",0.0905338435833333
15,"class3",0.443371622482192
15,"class4",0.437838608445548
15,"class5",0.425455064793379
15,"class6",0.399940281456279
15,"class7",0.328353662540183
15,"class8",0.251970779625913
15,"class9",0.196063964357991
150,"class1",0.467204372240982
150,"class2",0.460058798300457
150,"class3",0.456794326009475
150,"class4",0.453227765783447
150,"class5",0.44669078981153
150,"class6",0.402918750520776
150,"class7",0.342061640585502
150,"class8",0.260779541793836
150,"class9",0.208838489155251
151,"class7",0.291422714555708
151,"class8",0.23903526463653
151,"class9",0.201400795091324
152,"class1",0.46997490307887
152,"class2",0.459558001526941
152,"class3",0.452999887495091
152,"class4",0.451304756160502
152,"class5",0.448732698257877
152,"class6",0.412693279599658
153,"class1",0.46313191982226
153,"class2",0.460512209183904
153,"class3",0.462530971300913
153,"class4",0.458776244047717
153,"class5",0.447665342328196
153,"class6",0.411093461618607
153,"class7",0.35914595890411
154,"class1",0.474053490223916
154,"class2",0.468901971152854
154,"class3",0.464130995109817
154,"class4",0.462705541004452
154,"class5",0.442518987366895
154,"class6",0.400133975871005
154,"class7",0.328999851153082
154,"class8",0.275413021255594
155,"class2",0.463209094574658
155,"class3",0.462941049793037
155,"class4",0.464120326515331
155,"class5",0.447424854214612
155,"class6",0.402986708246575
155,"class7",0.344471812463699
155,"class8",0.26749895890411
156,"class2",0.467979250570776
156,"class3",0.464457617614954
156,"class4",0.462665937103425
156,"class5",0.44495963371914
156,"class6",0.392519860933219
156,"class7",0.334028093097831
156,"class8",0.276384376581279
157,"class2",0.465984438356164
157,"class3",0.468106272219406
157,"class4",0.467563797039726
157,"class5",0.437344301233676
157,"class6",0.386098012656963
157,"class7",0.329657963880594
157,"class8",0.258611985127626
157,"class9",0.202723288348059
158,"class1",0.470904446700913
158,"class10",0.127268360898231
158,"class2",0.468847227678767
158,"class3",0.467772609433562
158,"class4",0.465163917768037
158,"class5",0.429372007921918
158,"class6",0.371819975073402
158,"class7",0.31275827280411
158,"class8",0.248767329947374
158,"class9",0.185994667768721
159,"class3",0.46672470022831
159,"class5",0.434531282950457
159,"class6",0.375702212014041
159,"class7",0.318924975829795
159,"class8",0.264777940270776
159,"class9",0.191310671829452
16,"class1",0.484316725116895
16,"class10",0.106077371609932
16,"class2",0.453892773314384
16,"class3",0.445816967437329
16,"class4",0.438772935828196
16,"class5",0.430748482264384
16,"class6",0.397771588438927
16,"class7",0.322545325502854
16,"class8",0.25998276186758
16,"class9",0.196318110891781
160,"class1",0.469498510703425
160,"class10",0.126695237561872
160,"class2",0.465870159211073
160,"class3",0.463793295803196
160,"class4",0.458993085503539
160,"class5",0.428206731125114
160,"class6",0.373578057806621
160,"class7",0.308632644255936
160,"class8",0.242707611163584
160,"class9",0.184237209236986
161,"class7",0.295681206336872
161,"class8",0.229473886772032
161,"class9",0.202453644950571
162,"class6",0.356414499429224
162,"class7",0.289914263610731
162,"class8",0.233332892634247
162,"class9",0.186798698081963
163,"class1",0.46473363893516
163,"class10",0.129604387860902
163,"class2",0.453501069153311
163,"class3",0.450641578920662
163,"class4",0.448979353634132
163,"class5",0.439184427805137
163,"class6",0.389764370165183
163,"class7",0.328954143348516
163,"class8",0.253277739616096
163,"class9",0.192309281636187
164,"class1",0.466150470397603
164,"class2",0.465756730384475
164,"class3",0.464335369136416
164,"class4",0.461159484167694
164,"class5",0.445702816266781
164,"class6",0.398223428207192
164,"class7",0.33310198063847
165,"class1",0.465388093612443
165,"class2",0.464601445543607
165,"class3",0.46435208628379
165,"class4",0.463226157231621
165,"class5",0.443264421989155
165,"class6",0.405695608473059
165,"class7",0.34659232971347
165,"class8",0.273519035388128
166,"class1",0.468015752174201
166,"class2",0.468675188475342
166,"class3",0.467946651537329
166,"class4",0.461797054322489
166,"class5",0.437765317404566
166,"class6",0.387084114503425
166,"class7",0.328034182364954
166,"class8",0.252787789925
167,"class1",0.469737784720662
167,"class2",0.469897043135845
167,"class3",0.468698104480822
167,"class4",0.464969903091895
167,"class5",0.437422182211301
167,"class6",0.390798763560731
167,"class7",0.33327563517831
167,"class8",0.268645867009132
168,"class2",0.469727635083904
168,"class3",0.469908425460845
168,"class4",0.465448598757078
168,"class5",0.430036567998174
168,"class6",0.384608961046575
168,"class7",0.333649206158448
169,"class1",0.470977415453653
169,"class2",0.470763153501484
169,"class3",0.469261409792922
169,"class4",0.451235398898402
169,"class5",0.425066885666096
169,"class6",0.379938361386073
169,"class7",0.326095675923516
169,"class8",0.269563886415525
17,"class1",0.462807686827968
17,"class10",0.101778651692466
17,"class3",0.440798216873858
17,"class4",0.428508399924658
17,"class5",0.417159568873973
17,"class6",0.390277070312557
17,"class7",0.321812597171461
17,"class8",0.252598719571119
17,"class9",0.194794843004224
170,"class5",0.414844480350571
170,"class6",0.366052071351027
170,"class7",0.312412850141667
170,"class8",0.252082638175114
171,"class1",0.472632304571347
171,"class2",0.471126947105137
171,"class3",0.467983161202169
171,"class4",0.454032347369635
171,"class5",0.42742427305137
171,"class6",0.380070564082192
171,"class7",0.314271317169178
171,"class8",0.249107867739269
171,"class9",0.184491432679452
172,"class2",0.47912601359726
172,"class3",0.469284641849212
172,"class4",0.454797102055114
172,"class5",0.425360076182991
172,"class6",0.378832139044064
172,"class7",0.316955439750228
172,"class8",0.25573327456484
172,"class9",0.181366751141553
173,"class6",0.35813438330137
173,"class7",0.29338281494395
173,"class8",0.257286856038584
174,"class1",0.478641629772146
174,"class2",0.476242939943836
174,"class3",0.464116793243151
174,"class4",0.453471757069749
174,"class5",0.427532454305822
174,"class6",0.380233414901598
174,"class7",0.331961634057763
175,"class5",0.423830616206963
175,"class6",0.35167582041758
175,"class7",0.324452108143037
175,"class8",0.256169146228653
176,"class1",0.475624750240411
176,"class2",0.469758731957991
176,"class3",0.46659535865605
176,"class4",0.465468022211073
176,"class5",0.460016731603082
176,"class6",0.416869685764155
176,"class7",0.335579669584247
176,"class8",0.251635110108447
176,"class9",0.208275637338356
177,"class3",0.472983287665183
177,"class4",0.470979603950091
177,"class5",0.454616424567466
177,"class6",0.408691756447032
177,"class7",0.338763069777283
177,"class8",0.260520352176941
177,"class9",0.205366722064612
178,"class4",0.465298568199658
178,"class5",0.447198047226941
178,"class6",0.403816784164726
178,"class7",0.355355021003539
179,"class4",0.465901621908333
179,"class5",0.446959289886416
179,"class6",0.396590326014041
179,"class7",0.356803863607078
18,"class1",0.476819916092237
18,"class10",0.12784654595411
18,"class2",0.449191678059361
18,"class3",0.439158341244635
18,"class4",0.429515454751712
18,"class5",0.418403098987443
18,"class6",0.395504259778653
18,"class7",0.320919541119521
18,"class8",0.256839292240868
18,"class9",0.196587826842694
180,"class1",0.471858753424658
180,"class2",0.469906159817352
180,"class3",0.471648794171667
180,"class4",0.470088878763927
180,"class5",0.456461743496005
180,"class6",0.411373095277169
180,"class7",0.345856488493265
181,"class5",0.445958919776484
181,"class6",0.397656510889726
181,"class7",0.343880125144749
182,"class5",0.445499114839144
182,"class6",0.401421368960388
182,"class7",0.352342661896461
182,"class8",0.264392284278767
183,"class5",0.441633232333105
183,"class6",0.400488167181393
183,"class7",0.343086576064269
183,"class8",0.279580480240525
184,"class5",0.436378511415525
184,"class6",0.386878278479566
184,"class7",0.346085294675342
184,"class8",0.284270836757991
185,"class6",0.382925126932648
185,"class7",0.322692396990411
185,"class8",0.258078878429338
185,"class9",0.207435968625913
186,"class10",0.1364164254379
186,"class5",0.440318866257763
186,"class6",0.380931130261758
186,"class7",0.302880458712541
186,"class8",0.250509898855023
186,"class9",0.191645098307991
187,"class10",0.138389671794635
187,"class6",0.379720626389954
187,"class7",0.314753148653881
187,"class8",0.251139719646918
187,"class9",0.192791979156507
188,"class7",0.292570439084018
188,"class8",0.259989660479566
188,"class9",0.196527662526484
189,"class6",0.373694436643836
189,"class7",0.311187185904794
189,"class8",0.255128144526941
189,"class9",0.210784591324201
19,"class1",0.481141309156735
19,"class10",0.105994000458219
19,"class2",0.443687986504566
19,"class3",0.435620529352968
19,"class4",0.428020085580365
19,"class5",0.425099394173973
19,"class6",0.386068307608333
19,"class7",0.320744458931963
19,"class8",0.253019615246119
19,"class9",0.187916984119064
190,"class5",0.436277928082192
190,"class6",0.390159084025685
190,"class7",0.299758624780134
190,"class8",0.257676919877009
190,"class9",0.206854458792922
191,"class3",0.463488748566895
191,"class4",0.45738290216895
191,"class5",0.44914349594258
191,"class6",0.38663702819121
191,"class7",0.314297803761187
191,"class8",0.253850623854452
191,"class9",0.203625615373858
192,"class6",0.381040839766553
192,"class7",0.320019330344635
192,"class8",0.258157910705023
192,"class9",0.204306554244292
193,"class5",0.439322649528881
193,"class6",0.392070504611073
193,"class7",0.321839552982648
193,"class8",0.264237758025342
193,"class9",0.204588369618037
194,"class5",0.438677683789954
194,"class6",0.390399379367694
194,"class7",0.32309342798516
194,"class8",0.253526069424772
194,"class9",0.200948472334247
195,"class6",0.391466405834247
195,"class7",0.345280502848059
195,"class8",0.256981346669292
195,"class9",0.213280573630137
196,"class5",0.435297534278995
196,"class6",0.400280805256621
196,"class7",0.336767544662785
196,"class8",0.267736202054795
197,"class4",0.457114014828653
197,"class5",0.439621742471575
197,"class6",0.395261123372717
197,"class7",0.356253424072831
198,"class5",0.440442860159817
198,"class6",0.39581722420742
198,"class7",0.341755498200114
199,"class5",0.442106094748858
199,"class6",0.39743954765411
199,"class7",0.342403754598516
199,"class8",0.27033830661347
2,"class10",0.0822651709981655
2,"class5",0.404689147921918
2,"class6",0.384770960743836
2,"class7",0.317433132090525
2,"class8",0.24597686685411
2,"class9",0.190353576828196
20,"class1",0.490274240642237
20,"class10",0.100971003014726
20,"class2",0.474207586763699
20,"class3",0.46117376826484
20,"class4",0.441698716827169
20,"class5",0.447187788642237
20,"class6",0.408717976147489
20,"class7",0.331742602289954
20,"class8",0.256689281319635
20,"class9",0.197818569830479
200,"class5",0.441195335807877
200,"class6",0.393207770818151
200,"class7",0.343251173278425
201,"class6",0.38765879481895
201,"class7",0.32833776724726
201,"class8",0.275665766477626
202,"class6",0.385390961156724
202,"class7",0.329444662002626
202,"class8",0.273115828843721
203,"class6",0.394157658756963
203,"class7",0.346062942565525
203,"class8",0.27861624086758
204,"class7",0.308923898072032
204,"class8",0.260066428853425
204,"class9",0.208516069923973
205,"class10",0.140163738584475
205,"class6",0.382649798507991
205,"class7",0.303956634160936
205,"class8",0.260737600160616
205,"class9",0.195472080380708
206,"class6",0.410238915830753
206,"class7",0.380608987047945
207,"class6",0.412220239749543
207,"class7",0.371931247390217
208,"class5",0.439342616616781
208,"class6",0.399952380934018
208,"class7",0.360243216179224
209,"class5",0.4405655063379
209,"class6",0.402143496373288
209,"class7",0.333002829214155
209,"class8",0.270304521689498
21,"class10",0.0948737298436073
21,"class4",0.437582396689498
21,"class5",0.423119540203653
21,"class6",0.399209633243037
21,"class7",0.323825980359475
21,"class8",0.249891182286187
21,"class9",0.188400154666553
210,"class6",0.381062675282386
210,"class7",0.313604798310046
210,"class8",0.268904363153196
211,"class4",0.463800316780822
211,"class5",0.441011122409703
211,"class6",0.390178872436301
211,"class7",0.307772884445548
211,"class8",0.245764708857877
211,"class9",0.204100294826256
212,"class1",0.466156078196347
212,"class2",0.464764824200913
212,"class4",0.460516049018151
212,"class5",0.443871432267808
212,"class6",0.381059795398858
212,"class7",0.312931581548973
212,"class8",0.243672531248059
212,"class9",0.200969112163927
213,"class5",0.445057234589041
213,"class6",0.377811723769635
213,"class7",0.322041132037557
213,"class8",0.265844684133105
214,"class3",0.461832756486301
214,"class4",0.454470395785502
214,"class5",0.444142018615868
214,"class6",0.384332631892808
214,"class7",0.306122351764155
214,"class8",0.249230134456849
214,"class9",0.202525825012329
215,"class6",0.366120422590982
215,"class7",0.322950251715982
215,"class8",0.264089109371918
216,"class4",0.465348296803653
216,"class5",0.433999328282877
216,"class6",0.385305159999315
216,"class7",0.304567847237443
216,"class8",0.243314700354452
216,"class9",0.205111431753995
217,"class6",0.374660300802397
217,"class7",0.328054352532306
217,"class8",0.26031097358984
217,"class9",0.199426058789954
218,"class5",0.431597948970205
218,"class6",0.395211214942237
218,"class7",0.340608525538813
218,"class8",0.271485088294635
219,"class6",0.392881473660023
219,"class7",0.363121639558448
22,"class10",0.12363978475637
22,"class6",0.394778321973402
22,"class7",0.344135252388014
22,"class8",0.262273541180023
22,"class9",0.202129198428311
220,"class6",0.380440023695091
220,"class7",0.354799425984132
221,"class5",0.441903571641553
221,"class6",0.394099802477968
221,"class7",0.333509628051598
222,"class5",0.433704038115183
222,"class6",0.402227319709817
222,"class7",0.344710203861073
223,"class6",0.380724165455708
223,"class7",0.322096536805594
224,"class10",0.135361767954566
224,"class6",0.370186570074429
224,"class7",0.308055427730251
224,"class8",0.248107378551826
224,"class9",0.185016661013356
225,"class6",0.37253391663653
225,"class7",0.347075376620662
226,"class5",0.429965931308562
226,"class6",0.385242176323516
226,"class7",0.349753114071918
227,"class5",0.441471127283105
227,"class6",0.369231596144178
227,"class7",0.323495025166667
227,"class8",0.265433934360731
228,"class10",0.133201743721461
228,"class6",0.37100048476347
228,"class7",0.328343829131735
228,"class8",0.245528638685845
228,"class9",0.186359296938356
229,"class7",0.306987297822457
229,"class8",0.25245335573242
229,"class9",0.188490555549886
23,"class10",0.121441888485845
23,"class7",0.31533578076153
23,"class8",0.250804994427957
23,"class9",0.205768919451598
230,"class6",0.370865151544635
230,"class7",0.319239860412785
230,"class8",0.254747539434932
230,"class9",0.200461501848402
231,"class10",0.134075513268265
231,"class7",0.288160340523174
231,"class8",0.246401176400411
231,"class9",0.189798401843607
232,"class10",0.128275532490639
232,"class6",0.368466859018265
232,"class7",0.288851761282686
232,"class8",0.242302194981279
232,"class9",0.17572469559581
233,"class10",0.132390789383562
233,"class6",0.362576514836416
233,"class7",0.315038286075
233,"class8",0.245593391152169
233,"class9",0.190756408381963
234,"class10",0.112880026850571
234,"class5",0.440085193736416
234,"class6",0.380239040183333
234,"class7",0.302411392594977
234,"class8",0.2493904802879
234,"class9",0.193738952976712
235,"class10",0.127586503974429
235,"class7",0.293140327876142
235,"class8",0.236363763058676
235,"class9",0.185679724675
236,"class7",0.293461477267009
236,"class8",0.24528182054532
236,"class9",0.199734835999201
237,"class10",0.137265016160388
237,"class6",0.350379421803653
237,"class7",0.294434962451142
237,"class8",0.249963691106061
237,"class9",0.192456574591438
238,"class10",0.126442839587785
238,"class7",0.289652442611986
238,"class8",0.239459449568151
238,"class9",0.182647786370548
239,"class10",0.131056849405936
239,"class7",0.293532411959441
239,"class8",0.249795974777626
239,"class9",0.185570208988014
24,"class1",0.470507039954338
24,"class10",0.103357072226655
24,"class2",0.455172340236187
24,"class3",0.43907639783105
24,"class4",0.436226190639269
24,"class5",0.422781237015068
24,"class6",0.399447224765525
24,"class7",0.335333388235274
24,"class8",0.255800751491781
24,"class9",0.193131416832534
240,"class10",0.124358017995342
240,"class6",0.345708089611872
240,"class7",0.286752583382648
240,"class8",0.235514579243836
240,"class9",0.187121174240502
241,"class10",0.099733172127169
241,"class6",0.356527343192352
241,"class7",0.298385862510959
241,"class8",0.237799273275685
241,"class9",0.171972415599772
242,"class10",0.108035181172717
242,"class6",0.370925144406393
242,"class7",0.298765055604566
242,"class8",0.23047655871347
242,"class9",0.173945700850571
243,"class10",0.0875409891753425
243,"class2",0.451275198059361
243,"class3",0.442016592465753
243,"class4",0.448908041191096
243,"class5",0.414369288607192
243,"class6",0.363035633028425
243,"class7",0.300657884279909
243,"class8",0.236331433014612
243,"class9",0.171756949255023
244,"class1",0.448156435502283
244,"class10",0.106214018903425
244,"class2",0.449855853310502
244,"class4",0.444615151780365
244,"class5",0.426381044888927
244,"class6",0.361580800055594
244,"class7",0.302069358179566
244,"class8",0.239791065123858
244,"class9",0.172676061480251
245,"class10",0.0948629950930479
245,"class2",0.451343256278539
245,"class3",0.446992622816781
245,"class4",0.448056950474658
245,"class5",0.416403122368721
245,"class6",0.363970618081963
245,"class7",0.303610967278425
245,"class8",0.234819035281164
245,"class9",0.166003471536815
246,"class10",0.120890250103995
246,"class8",0.21761417010331
246,"class9",0.165171804275148
247,"class10",0.106889518232534
247,"class7",0.288869593313356
247,"class8",0.231251949396712
247,"class9",0.168897383279224
248,"class10",0.0943800509432648
248,"class6",0.357605359921233
248,"class7",0.298364786229338
248,"class8",0.236735325535616
248,"class9",0.172296891508904
249,"class1",0.455941146917808
249,"class10",0.109038720687557
249,"class3",0.45302164875605
249,"class4",0.448946665124543
249,"class5",0.430901402699315
249,"class6",0.373776844709931
249,"class7",0.303424427309247
249,"class8",0.231180319689954
249,"class9",0.171537573023288
25,"class10",0.115368310033219
25,"class5",0.454370953394635
25,"class6",0.439967461872374
25,"class7",0.351344343156621
25,"class8",0.269953792563584
25,"class9",0.207852876305708
250,"class1",0.458987931818379
250,"class10",0.0895923432737443
250,"class2",0.443273580908333
250,"class3",0.444470812677968
250,"class4",0.442862946584361
250,"class5",0.433133762201142
250,"class6",0.386319552792808
250,"class7",0.311810808447603
250,"class8",0.238689848604224
250,"class9",0.176011056189384
251,"class10",0.153529337307945
251,"class9",0.197140655753881
252,"class10",0.153376092906621
252,"class6",0.426190649966324
252,"class7",0.366930994650685
252,"class8",0.28034119847032
252,"class9",0.209035626342694
253,"class10",0.111233955079909
253,"class5",0.439300685549658
253,"class6",0.38470313485137
253,"class7",0.311327925898973
253,"class8",0.242432036255251
253,"class9",0.177813036911644
254,"class10",0.12661051873242
254,"class6",0.431646834133333
254,"class7",0.364525605630023
254,"class8",0.28564291929847
254,"class9",0.202155677578995
255,"class10",0.130169915566438
255,"class6",0.43537648173516
255,"class7",0.356756796872489
255,"class8",0.280393964673174
255,"class9",0.209685091700114
256,"class4",0.445135578196347
256,"class5",0.415660690124201
256,"class6",0.369697152975559
256,"class7",0.298162184415753
256,"class8",0.242392857688128
257,"class10",0.126428693848059
257,"class3",0.460540062317352
257,"class4",0.453412132228425
257,"class5",0.428921954403653
257,"class6",0.364022780588813
257,"class7",0.302249873198402
257,"class8",0.235044640642123
257,"class9",0.181924263656735
258,"class10",0.138343302511416
258,"class7",0.287497038056279
258,"class8",0.241683610066781
258,"class9",0.194481943874886
259,"class10",0.126540746972055
259,"class4",0.456356082762557
259,"class5",0.42048531977169
259,"class6",0.359388074600845
259,"class7",0.296869289205936
259,"class8",0.238795055896918
259,"class9",0.194037384134018
26,"class10",0.141214735469749
26,"class6",0.407822692048516
26,"class7",0.336081413033447
26,"class8",0.266979724609247
26,"class9",0.194189730153653
260,"class7",0.272681042870776
260,"class8",0.244626352730251
260,"class9",0.195966307773973
261,"class6",0.356360850314954
261,"class7",0.283032552372831
261,"class8",0.224583247837215
261,"class9",0.185850319410959
262,"class10",0.140426782164155
262,"class7",0.277273555727854
262,"class8",0.239311892856393
262,"class9",0.18591512726347
263,"class10",0.120621860159817
263,"class7",0.294067118609703
263,"class8",0.226504231361564
263,"class9",0.187735491982763
264,"class10",0.140685877472146
264,"class7",0.293424385844749
264,"class8",0.210077352403927
264,"class9",0.169524291310274
265,"class10",0.126180125559361
265,"class5",0.406260672945205
265,"class6",0.355984341265411
265,"class7",0.286596574248139
265,"class8",0.231104798650913
265,"class9",0.18100138422032
266,"class10",0.136243926367808
266,"class6",0.353571385273973
266,"class7",0.305591402878653
266,"class8",0.231721132375457
266,"class9",0.173401075679635
267,"class10",0.137579920993037
267,"class5",0.407719603549087
267,"class6",0.359608661171347
267,"class7",0.295339213608562
267,"class8",0.221674368149201
267,"class9",0.174206318952055
268,"class10",0.142435900384589
268,"class7",0.323580978881279
268,"class8",0.222176197310388
268,"class9",0.170837809834726
269,"class8",0.218130146821918
269,"class9",0.178889468050502
27,"class10",0.0947166888284247
27,"class7",0.305148472939269
27,"class8",0.255552960784132
27,"class9",0.192958809018836
270,"class10",0.139925605602968
270,"class7",0.279056081257648
270,"class8",0.22646042943984
270,"class9",0.169562645160959
271,"class7",0.272593464109361
271,"class8",0.225166470540639
271,"class9",0.176497525990525
272,"class10",0.120127429498242
272,"class4",0.448480260273973
272,"class5",0.413399582441096
272,"class6",0.358834939357192
272,"class7",0.296236206484863
272,"class8",0.230407816821461
272,"class9",0.170305939000925
273,"class10",0.136135380017922
273,"class7",0.288850764852968
273,"class8",0.22303330862863
273,"class9",0.17933848682032
274,"class10",0.139746391757306
274,"class5",0.42597872260274
274,"class6",0.362543826833333
274,"class7",0.293333225717009
274,"class8",0.225949819659313
274,"class9",0.182086768940069
275,"class10",0.138105000582877
275,"class7",0.292225694468607
275,"class8",0.210863415874886
275,"class9",0.175743838124087
276,"class7",0.288300318597717
276,"class8",0.260096458310731
277,"class10",0.137554219178082
277,"class7",0.289355540881016
277,"class8",0.238337821835046
277,"class9",0.193211900669977
278,"class7",0.28733893471621
278,"class8",0.236900464785329
278,"class9",0.191331535160674
279,"class10",0.11153291552347
279,"class4",0.441831242009132
279,"class5",0.406267784512785
279,"class6",0.351590885127854
279,"class7",0.292262876274429
279,"class8",0.235418542110731
279,"class9",0.182910333202626
28,"class10",0.131145152389726
28,"class5",0.411425722125114
28,"class6",0.398900997875342
28,"class7",0.335608812789041
28,"class8",0.269412350405137
28,"class9",0.202731960355708
280,"class10",0.09774218131621
280,"class7",0.292071349165183
280,"class8",0.233119654262352
280,"class9",0.180907316475571
281,"class10",0.103631588578653
281,"class4",0.444871243721461
281,"class5",0.404193281809132
281,"class6",0.359891155217922
281,"class7",0.2987993637121
281,"class8",0.237264568320548
281,"class9",0.175551885275571
282,"class10",0.119666391664384
282,"class7",0.283544235861758
282,"class8",0.223079030268721
282,"class9",0.17616124911718
283,"class10",0.124151671687443
283,"class4",0.440969898972603
283,"class5",0.432732486872146
283,"class6",0.347997241556621
283,"class7",0.296497289976712
283,"class8",0.219896590351027
283,"class9",0.170534503425571
284,"class10",0.10670290711153
284,"class6",0.354871643968836
284,"class7",0.294562049976027
284,"class8",0.227067624301484
284,"class9",0.165923278514749
285,"class1",0.4352581706621
285,"class10",0.102646011874429
285,"class3",0.428213650114155
285,"class4",0.428514095351484
285,"class5",0.411357096238128
285,"class6",0.359741493952511
285,"class7",0.297155576146005
285,"class8",0.231453512996119
285,"class9",0.169104802508333
286,"class7",0.285508475533105
286,"class8",0.243545803488242
286,"class9",0.197189911471119
287,"class10",0.131654892890639
287,"class6",0.346568054794521
287,"class7",0.29861431779532
287,"class8",0.2350970683804
287,"class9",0.182736466552283
288,"class1",0.447750232083904
288,"class10",0.0727969910858904
288,"class2",0.443358437785388
288,"class3",0.438681493780251
288,"class4",0.437833462755822
288,"class5",0.40903108725411
288,"class6",0.35821594772169
288,"class7",0.297599214389041
288,"class8",0.235255910618265
288,"class9",0.170519878894064
289,"class10",0.103561805316607
289,"class7",0.295025098412215
289,"class8",0.230995616036073
289,"class9",0.168424797297716
29,"class10",0.113885003382991
29,"class2",0.4800637956621
29,"class4",0.468265456438356
29,"class5",0.457146558667009
29,"class6",0.418153895267123
29,"class7",0.33906617304121
29,"class8",0.260618738875913
29,"class9",0.200297697699429
290,"class10",0.122834602344977
290,"class8",0.215481088120103
290,"class9",0.176104691321655
291,"class10",0.131687108306849
291,"class8",0.225600859817352
291,"class9",0.1635165379129
292,"class10",0.135821094272945
292,"class8",0.219607744156164
292,"class9",0.169235920001712
293,"class10",0.134925209539612
293,"class7",0.300944038324658
293,"class8",0.237472566119064
293,"class9",0.172538857434132
294,"class6",0.385650540525114
294,"class7",0.327852526391324
294,"class8",0.235182657531393
294,"class9",0.183400228726941
295,"class10",0.113430680555365
295,"class6",0.351496749320091
295,"class7",0.28037128241919
295,"class8",0.21509149175742
295,"class9",0.176713769448174
296,"class10",0.136585030918379
296,"class8",0.222757641231416
296,"class9",0.179500958432511
297,"class7",0.285685931712443
297,"class8",0.218006251611073
297,"class9",0.183417770342352
298,"class10",0.135696984771233
298,"class6",0.355972599571005
298,"class7",0.319735382989954
298,"class8",0.214833596812329
298,"class9",0.180172720143151
299,"class6",0.357279005732306
299,"class7",0.304439426094178
299,"class8",0.221225708926142
299,"class9",0.181636280806507
3,"class1",0.462922503275228
3,"class10",0.109292454999429
3,"class2",0.447647007990868
3,"class3",0.42924211130137
3,"class4",0.431414614857991
3,"class5",0.416385795195548
3,"class6",0.389034964090183
3,"class7",0.325390811240183
3,"class8",0.252278573024886
3,"class9",0.189620507864612
30,"class1",0.489391449061073
30,"class10",0.0817930550891553
30,"class2",0.475227052688356
30,"class3",0.462287002756279
30,"class4",0.452746443628881
30,"class5",0.448400289883904
30,"class6",0.427061621380251
30,"class7",0.351858824544863
30,"class8",0.263227126721575
30,"class9",0.207324339354224
300,"class1",0.458020132425114
300,"class10",0.0905212538338242
300,"class2",0.460852107305936
300,"class3",0.454212989106735
300,"class4",0.451344842362329
300,"class5",0.432932414659247
300,"class6",0.381894547858676
300,"class7",0.307883270793607
300,"class8",0.231773631066324
300,"class9",0.171868542552626
301,"class10",0.0973257864230594
301,"class3",0.453315236872146
301,"class4",0.453062216324201
301,"class5",0.434816334110845
301,"class6",0.390678252310616
301,"class7",0.319328841103653
301,"class8",0.23113350656484
301,"class9",0.183372859614258
302,"class10",0.111871265526598
302,"class5",0.448027489726027
302,"class6",0.397426973375913
302,"class7",0.31106624794589
302,"class8",0.230717510216438
302,"class9",0.181952712886872
303,"class10",0.13308033305468
303,"class8",0.223893890981735
303,"class9",0.163665615284475
304,"class10",0.131051414548288
304,"class7",0.300010480821918
304,"class8",0.234319898254338
304,"class9",0.161770942872831
305,"class10",0.137947691633562
305,"class7",0.294570581131735
305,"class8",0.230667120803311
305,"class9",0.171586537078767
306,"class10",0.139651708262785
306,"class9",0.163576144813836
307,"class7",0.292654369292237
307,"class8",0.228029016213128
307,"class9",0.181513423233333
308,"class10",0.109343693973636
308,"class3",0.450793230593607
308,"class4",0.44841686192032
308,"class5",0.446376026215068
308,"class6",0.388922896473744
308,"class7",0.316235146298984
308,"class8",0.239326185801941
308,"class9",0.171044127458676
309,"class10",0.136146255678881
309,"class7",0.295360564608448
309,"class8",0.205201594439726
309,"class9",0.171062469852283
31,"class1",0.478499887853881
31,"class10",0.11296277554613
31,"class3",0.46126088389532
31,"class4",0.447593271160845
31,"class5",0.444290954465183
31,"class6",0.431639682662215
31,"class7",0.346550497435502
31,"class8",0.25935092409121
31,"class9",0.207339819805594
310,"class8",0.210102428233904
310,"class9",0.187385472464384
311,"class8",0.216442944277626
311,"class9",0.188495553960959
312,"class8",0.219069689400685
312,"class9",0.199840103955936
313,"class7",0.279813440484475
313,"class8",0.244573854635502
313,"class9",0.202278447618721
314,"class6",0.376605715753425
314,"class7",0.315037975607991
314,"class8",0.281664136539384
315,"class7",0.30390166152968
315,"class8",0.236882113362317
315,"class9",0.207908337887329
316,"class7",0.320090588433333
316,"class8",0.242967074079566
316,"class9",0.206566572560388
317,"class10",0.137041527922717
317,"class7",0.290612698950571
317,"class8",0.231177327877854
317,"class9",0.183105726564269
318,"class7",0.294718269602854
318,"class8",0.229892047863813
318,"class9",0.203738723600114
319,"class8",0.230799807388699
319,"class9",0.205147780652854
32,"class1",0.499784220457534
32,"class10",0.101603468226256
32,"class2",0.468043309030137
32,"class3",0.456330344559817
32,"class4",0.452150888066553
32,"class5",0.445695376483219
32,"class6",0.416879267440753
32,"class7",0.340028429694635
32,"class8",0.261383025236758
32,"class9",0.191989022199658
320,"class10",0.148637455533676
320,"class6",0.448527839379566
320,"class7",0.360344939808333
320,"class8",0.274852448362443
320,"class9",0.215481361340068
321,"class10",0.154517549478995
321,"class6",0.426683145118836
321,"class7",0.355807290393493
321,"class8",0.271523218280594
321,"class9",0.216209023827968
322,"class10",0.124456203666667
322,"class5",0.458422572488584
322,"class6",0.440828403561073
322,"class7",0.365841443890639
322,"class8",0.284044417157534
322,"class9",0.206093864969863
323,"class10",0.137271952883219
323,"class6",0.436361538087215
323,"class7",0.352410882651826
323,"class8",0.278805053114041
323,"class9",0.210542914044406
324,"class10",0.135739584559361
324,"class6",0.411597615503653
324,"class7",0.342616581123516
324,"class8",0.281922651007306
324,"class9",0.203691609002055
325,"class10",0.141713008885959
325,"class7",0.359743198004795
325,"class8",0.281510087569749
325,"class9",0.214362788801598
326,"class10",0.145251760080194
326,"class6",0.443985185313356
326,"class7",0.3616611142629
326,"class8",0.274557571183333
326,"class9",0.208776750905594
327,"class10",0.159173875975799
327,"class8",0.257973474749772
327,"class9",0.21282258783605
328,"class10",0.161064792683562
328,"class7",0.356878667960959
328,"class8",0.286207319893607
328,"class9",0.216826814008333
329,"class10",0.175359361240868
329,"class8",0.283986735215525
329,"class9",0.229130926682534
33,"class1",0.508864564409132
33,"class10",0.135471674902283
33,"class2",0.465049355878995
33,"class3",0.47863682822032
33,"class4",0.451833134751941
33,"class5",0.444075658686301
33,"class6",0.40577342283653
33,"class7",0.337619080658562
33,"class8",0.263497626598973
33,"class9",0.196568003453082
330,"class8",0.26831479621153
330,"class9",0.233494022625685
331,"class8",0.265398089096918
331,"class9",0.208564387726016
332,"class8",0.269407745742466
332,"class9",0.209265834336986
333,"class10",0.160148648034361
333,"class6",0.437701451912215
333,"class7",0.36574164842032
333,"class8",0.292181324352055
333,"class9",0.21745486538379
334,"class10",0.154328468171347
334,"class6",0.427524085432763
334,"class7",0.356541277164498
334,"class8",0.291494260981963
334,"class9",0.212616136557534
335,"class10",0.149206297166096
335,"class5",0.458682880136986
335,"class6",0.439205482377169
335,"class7",0.355955027078539
335,"class8",0.286487583999429
335,"class9",0.213835579969863
336,"class6",0.445321245752626
336,"class7",0.366037380640868
336,"class8",0.300124764401027
336,"class9",0.22625115577089
337,"class10",0.163652780138448
337,"class6",0.431417612610046
337,"class7",0.362464792024087
337,"class8",0.282413115243379
337,"class9",0.22442285165
338,"class1",0.523020488666096
338,"class10",0.135796343805251
338,"class2",0.498751094178082
338,"class3",0.491081687268721
338,"class4",0.477859130733219
338,"class5",0.460640986151484
338,"class6",0.442616248510388
338,"class7",0.363650137577854
338,"class8",0.281568362763242
338,"class9",0.211985316131963
339,"class1",0.519500269667466
339,"class10",0.143987692055137
339,"class2",0.503488689514384
339,"class3",0.497403082536187
339,"class4",0.482277537514726
339,"class5",0.465784965007877
339,"class6",0.450309837050685
339,"class7",0.369124848817694
339,"class8",0.284364206253196
339,"class9",0.213637850874658
34,"class10",0.12077032617774
34,"class2",0.44649113413242
34,"class3",0.443124949771689
34,"class4",0.423623058219178
34,"class5",0.412726848593607
34,"class6",0.397497871613813
34,"class7",0.329452783794406
34,"class8",0.255149044367922
34,"class9",0.193039494940982
340,"class10",0.150247099616324
340,"class6",0.44380982526621
340,"class7",0.359659315964612
340,"class8",0.283038059095662
340,"class9",0.21572267249726
341,"class10",0.155147949197374
341,"class7",0.364929953834132
341,"class8",0.303213051961256
341,"class9",0.232138094989384
342,"class6",0.455369392859931
342,"class7",0.403304549296005
342,"class8",0.345812214611872
343,"class10",0.152920195978196
343,"class7",0.359195079861416
343,"class8",0.279047683566256
343,"class9",0.219002296826027
344,"class10",0.167704592589384
344,"class7",0.365108561668836
344,"class8",0.273954045056164
344,"class9",0.226356495825799
345,"class8",0.275431426359932
345,"class9",0.233260546025342
346,"class6",0.42667096803653
346,"class7",0.349935801369863
346,"class8",0.289608089611872
347,"class10",0.146797777299201
347,"class6",0.445930979942352
347,"class7",0.367773395123744
347,"class8",0.285134779863813
347,"class9",0.215049986059817
348,"class7",0.396175703196347
348,"class8",0.265728915470091
348,"class9",0.214931421995776
349,"class5",0.462536349315068
349,"class6",0.455382870750114
349,"class7",0.400146428102397
35,"class1",0.443205709474886
35,"class10",0.112207179009589
35,"class4",0.413075955479452
35,"class5",0.401336505252283
35,"class6",0.388216254260731
35,"class7",0.315003283278881
35,"class8",0.247395394738356
35,"class9",0.182134526557534
350,"class10",0.138191304351119
350,"class2",0.493580687785388
350,"class5",0.451671845327626
350,"class6",0.435341042161416
350,"class7",0.35529497151484
350,"class8",0.278440142765753
350,"class9",0.213612485168379
351,"class10",0.130890302225114
351,"class2",0.495151487300228
351,"class3",0.493868756278539
351,"class4",0.476650192265982
351,"class5",0.459456890880822
351,"class6",0.441678352843379
351,"class7",0.365225996863927
351,"class8",0.279965007158676
351,"class9",0.208623134994292
352,"class1",0.518125303807078
352,"class10",0.135919028695205
352,"class2",0.496817050799087
352,"class3",0.49591872182831
352,"class4",0.480676449048516
352,"class5",0.462304494298858
352,"class6",0.446683904820548
352,"class7",0.370700403673516
352,"class8",0.284633675275457
352,"class9",0.211925815355479
353,"class10",0.125354294361872
353,"class3",0.493481632705479
353,"class4",0.47858417543379
353,"class5",0.462635595634132
353,"class6",0.444684420967123
353,"class7",0.368917505292694
353,"class8",0.284885186657078
353,"class9",0.211838520935502
354,"class10",0.150371294846575
354,"class4",0.486236821917808
354,"class5",0.469699036989498
354,"class6",0.448602936386986
354,"class7",0.370007643757648
354,"class8",0.281944186051142
354,"class9",0.215001523407877
355,"class1",0.518736253755708
355,"class10",0.137017277962785
355,"class2",0.508366289463699
355,"class3",0.494616826239612
355,"class4",0.48110965389395
355,"class5",0.465617336310502
355,"class6",0.44745265072226
355,"class7",0.364658473042352
355,"class8",0.2837581068121
355,"class9",0.218221491125457
356,"class10",0.158270960491781
356,"class3",0.499776654109589
356,"class4",0.492595007990868
356,"class5",0.471779805866438
356,"class6",0.446449018353653
356,"class7",0.366916414474429
356,"class8",0.283258086756735
356,"class9",0.22803750261016
36,"class1",0.443101485285502
36,"class10",0.123644460705708
36,"class2",0.442466937214612
36,"class3",0.428278746249886
36,"class4",0.419435160780251
36,"class5",0.40740394151621
36,"class6",0.390869074681164
36,"class7",0.317466453556849
36,"class8",0.246297055949886
36,"class9",0.181092821751712
37,"class10",0.123624060761416
37,"class4",0.409405168378995
37,"class5",0.392939724749429
37,"class6",0.392136333458448
37,"class7",0.324775342964041
37,"class8",0.25546547797831
37,"class9",0.198369154506393
38,"class10",0.133568395940183
38,"class4",0.425450082762557
38,"class5",0.426895941147489
38,"class6",0.398171072063242
38,"class7",0.326610212455936
38,"class8",0.252879055950228
38,"class9",0.187729307131164
39,"class10",0.131432826600571
39,"class3",0.422129648972603
39,"class5",0.416461518509703
39,"class6",0.397244113674772
39,"class7",0.322768808330936
39,"class8",0.249681956203196
39,"class9",0.189324776073288
4,"class1",0.456799833852055
4,"class10",0.0843074712641096
4,"class2",0.442507012229566
4,"class3",0.447095530903767
4,"class4",0.436169270846918
4,"class5",0.442896775728881
4,"class6",0.398253563695308
4,"class7",0.331771400175342
4,"class8",0.254124590821119
4,"class9",0.183938556234874
40,"class10",0.104942910003881
40,"class6",0.397311799474087
40,"class7",0.325537252684817
40,"class8",0.257369261756164
40,"class9",0.186092088340411
41,"class1",0.472912810427626
41,"class10",0.093054666268379
41,"class2",0.451705544271119
41,"class3",0.44325018441758
41,"class4",0.443374863907877
41,"class5",0.439591538102055
41,"class6",0.393381981213128
41,"class7",0.3234887186
41,"class8",0.243291731419178
41,"class9",0.180804630664155
42,"class1",0.474280753196347
42,"class10",0.082852328936758
42,"class2",0.446049557254795
42,"class3",0.437137881434247
42,"class4",0.43696818242032
42,"class5",0.42877953763984
42,"class6",0.392356668278995
42,"class7",0.313996754506735
42,"class8",0.239087322158219
42,"class9",0.180646821959589
43,"class1",0.449662080479452
43,"class10",0.0822091998341324
43,"class2",0.430332284817352
43,"class4",0.412285919718836
43,"class5",0.404342592803995
43,"class6",0.388321044410959
43,"class7",0.305766943044521
43,"class8",0.257679125039954
43,"class9",0.196195723665411
44,"class1",0.45126206889258
44,"class10",0.119038191753881
44,"class2",0.438686296991781
44,"class3",0.433134326213356
44,"class4",0.418350125965297
44,"class5",0.410157437625114
44,"class6",0.383754720736301
44,"class7",0.315514824136301
44,"class8",0.253966746141895
44,"class9",0.190406434346689
45,"class10",0.0946801401563927
45,"class4",0.417191032534247
45,"class5",0.39937653928379
45,"class6",0.377369376740753
45,"class7",0.303714123128196
45,"class8",0.259366328894521
45,"class9",0.184579918191667
46,"class1",0.470454710614155
46,"class10",0.114360180252397
46,"class2",0.445280910727511
46,"class3",0.430387661526941
46,"class4",0.420246152664726
46,"class5",0.416010650461301
46,"class6",0.38686434762637
46,"class7",0.317890326076256
46,"class8",0.259371570090069
46,"class9",0.187625665972146
47,"class1",0.467849833227397
47,"class10",0.113880089015639
47,"class2",0.434946484589041
47,"class3",0.435333826484018
47,"class4",0.418940977525
47,"class5",0.416596006421119
47,"class6",0.386710902566552
47,"class7",0.315818151190753
47,"class8",0.250463174197489
47,"class9",0.186540377099772
48,"class1",0.454363841894977
48,"class10",0.117428717076027
48,"class3",0.433230281895548
48,"class4",0.420676985295434
48,"class5",0.413774159627283
48,"class6",0.389997188853311
48,"class7",0.320280016677511
48,"class8",0.255671027849087
48,"class9",0.184570583628196
49,"class10",0.0919418095486301
49,"class6",0.373185047144521
49,"class7",0.312709864367123
49,"class8",0.246346259597032
49,"class9",0.178063772709475
5,"class1",0.471394879651826
5,"class10",0.107507291238128
5,"class2",0.445946682936644
5,"class3",0.444832227540639
5,"class4",0.432774854998744
5,"class5",0.43492635700742
5,"class6",0.397082438117694
5,"class7",0.332688745603995
5,"class8",0.258698019312215
5,"class9",0.194161383401027
50,"class10",0.10880414197637
50,"class4",0.417698616438356
50,"class5",0.40467366807363
50,"class6",0.381405097574543
50,"class7",0.316296012139269
50,"class8",0.248413363865068
50,"class9",0.182125426816667
51,"class10",0.110444239061872
51,"class5",0.399461036815069
51,"class6",0.371414838154452
51,"class7",0.309435330919749
51,"class8",0.243288416332763
51,"class9",0.18350088947363
52,"class10",0.116599629535388
52,"class6",0.371482192523858
52,"class7",0.293148032479224
52,"class8",0.241666267765068
52,"class9",0.182389503230936
53,"class10",0.11782613005742
53,"class5",0.427123932648402
53,"class6",0.382890461479338
53,"class7",0.315122395872717
53,"class8",0.25449295060879
53,"class9",0.186762189694406
54,"class10",0.118386096956735
54,"class4",0.422502795091324
54,"class5",0.415925695343607
54,"class6",0.381349357285502
54,"class7",0.315471398797489
54,"class8",0.245019802816895
54,"class9",0.187372159557877
55,"class10",0.13029425963105
55,"class4",0.406458948059361
55,"class5",0.402667894361416
55,"class6",0.3795004852879
55,"class7",0.317354611482763
55,"class8",0.237295842725799
55,"class9",0.183367981350228
56,"class10",0.120372428474315
56,"class6",0.373060770651712
56,"class7",0.300253554828425
56,"class8",0.243391983205365
56,"class9",0.178198604406735
57,"class10",0.125082612298288
57,"class5",0.416955856164384
57,"class6",0.358808520872489
57,"class7",0.292544503719863
57,"class8",0.235453823286416
57,"class9",0.180762239950342
58,"class10",0.12443763091153
58,"class6",0.371409090100342
58,"class7",0.306758584296918
58,"class8",0.233212874781507
58,"class9",0.180045033711073
59,"class10",0.111995329490753
59,"class3",0.426636444063927
59,"class5",0.420429024589612
59,"class6",0.374432898191895
59,"class7",0.304547651049429
59,"class8",0.243437789141781
59,"class9",0.183126796837443
6,"class1",0.452698938356164
6,"class10",0.0733055259777397
6,"class2",0.440165630136986
6,"class4",0.426357399543379
6,"class5",0.428756212212329
6,"class6",0.391884474291324
6,"class7",0.317187462353653
6,"class8",0.240061342166324
6,"class9",0.178317673182078
60,"class1",0.482695689727511
60,"class10",0.0586439668167374
60,"class2",0.450707323093379
60,"class3",0.441038952144635
60,"class4",0.443735449099886
60,"class5",0.437615215651826
60,"class6",0.395263477388584
60,"class7",0.320227861899087
60,"class8",0.242282521566781
60,"class9",0.173821836543607
61,"class1",0.48214950572968
61,"class10",0.0579458547920091
61,"class2",0.449004388112557
61,"class3",0.441431844550228
61,"class4",0.441749585046575
61,"class5",0.433801692021461
61,"class6",0.392858611526484
61,"class7",0.317516425644064
61,"class8",0.243358811173744
61,"class9",0.1794736311
62,"class1",0.468718916081735
62,"class10",0.0801868520405251
62,"class2",0.444367891666667
62,"class3",0.440366577575685
62,"class4",0.429526402032078
62,"class5",0.427497039895548
62,"class6",0.396344366425799
62,"class7",0.319385829258105
62,"class8",0.244362860385274
62,"class9",0.179291402497374
63,"class1",0.46793564191895
63,"class10",0.103690939396689
63,"class2",0.440365140173744
63,"class3",0.431915831626142
63,"class4",0.424314388346461
63,"class5",0.415059028389612
63,"class6",0.397292915309132
63,"class7",0.328128755818721
63,"class8",0.252001236119292
63,"class9",0.185305690637671
64,"class1",0.478392408115639
64,"class10",0.122039444625114
64,"class2",0.45126374266153
64,"class3",0.442227232582534
64,"class4",0.435455085573744
64,"class5",0.433084464299886
64,"class6",0.397718995940411
64,"class7",0.338137530440753
64,"class8",0.26737713221153
64,"class9",0.181360583064954
65,"class1",0.481612501328196
65,"class10",0.126271479200913
65,"class2",0.456001851345434
65,"class3",0.446374043031393
65,"class4",0.448430596263356
65,"class5",0.445448506272603
65,"class6",0.401956889077968
65,"class7",0.341666407225457
65,"class8",0.263889719152055
65,"class9",0.189754067142237
66,"class1",0.473141335671575
66,"class10",0.126635924749886
66,"class2",0.450656375621119
66,"class3",0.443933853292123
66,"class4",0.441257876066895
66,"class5",0.436998693834132
66,"class6",0.396056658187557
66,"class7",0.334782154178881
66,"class8",0.267379044718265
66,"class9",0.193082294727055
67,"class1",0.466917438099201
67,"class10",0.112562069341781
67,"class2",0.448500355651712
67,"class3",0.43297730023379
67,"class4",0.432578798046005
67,"class5",0.424945018710616
67,"class6",0.395723243680936
67,"class7",0.331535286309361
67,"class8",0.258678973758105
67,"class9",0.188101175055479
68,"class1",0.46531117956621
68,"class2",0.45923353467032
68,"class3",0.456403259021005
68,"class4",0.454617507499543
68,"class5",0.448379098640639
68,"class6",0.413285999532648
68,"class7",0.33792185448847
68,"class8",0.275138114547032
69,"class1",0.458914054550685
69,"class10",0.129259962369635
69,"class2",0.453743176940639
69,"class3",0.446385455253767
69,"class4",0.44858207301758
69,"class5",0.441262490100457
69,"class6",0.402873051307534
69,"class7",0.333289141186416
69,"class8",0.253632156909817
69,"class9",0.187442887344292
7,"class10",0.107091470385224
7,"class3",0.448987630707763
7,"class5",0.436818811953881
7,"class6",0.39741406682089
7,"class7",0.320660559936301
7,"class8",0.244280241451941
7,"class9",0.191229023104452
70,"class1",0.473864984716438
70,"class10",0.128644823661758
70,"class2",0.439627624969406
70,"class3",0.437048962376712
70,"class4",0.425841732205251
70,"class5",0.421956069378539
70,"class6",0.398224519249543
70,"class7",0.325426427069977
70,"class8",0.249920188303311
70,"class9",0.184361146550342
71,"class1",0.474106504205936
71,"class10",0.122037990349201
71,"class2",0.444628720247945
71,"class3",0.437227514740068
71,"class4",0.426939589060616
71,"class5",0.421923048833448
71,"class6",0.399773643531164
71,"class7",0.329591819166781
71,"class8",0.251866316318037
71,"class9",0.184380469360388
72,"class1",0.454739022526484
72,"class10",0.143427131587443
72,"class2",0.435366915709703
72,"class3",0.428946881849315
72,"class4",0.414279488314498
72,"class5",0.412055997660502
72,"class6",0.389437108905936
72,"class7",0.321900085932763
72,"class8",0.264950026554338
72,"class9",0.189727406860274
73,"class1",0.455153095441324
73,"class10",0.140305152968037
73,"class2",0.4414821323879
73,"class3",0.439575999551826
73,"class4",0.436824211268379
73,"class5",0.434205672809817
73,"class6",0.397047167273059
73,"class7",0.33696053618653
73,"class8",0.254836445537329
73,"class9",0.192934780852854
74,"class1",0.471722979203881
74,"class10",0.127451448191553
74,"class2",0.443858624552283
74,"class3",0.43771123037911
74,"class4",0.42635896842363
74,"class5",0.421559267056621
74,"class6",0.402673320882877
74,"class7",0.337951717013813
74,"class8",0.25306727291895
74,"class9",0.190210817095662
75,"class10",0.104584631106849
75,"class5",0.402919297505594
75,"class6",0.379166071318151
75,"class7",0.311104166553653
75,"class8",0.242087341917237
75,"class9",0.178615611994406
76,"class10",0.0892961296007991
76,"class6",0.375471017090753
76,"class7",0.307607933770434
76,"class8",0.238873833199201
76,"class9",0.179304949925228
77,"class10",0.108481639941781
77,"class6",0.361373119840297
77,"class7",0.295368004680708
77,"class8",0.242944479576484
77,"class9",0.179287693434932
78,"class1",0.478368853838927
78,"class10",0.102902256449658
78,"class2",0.438104312214612
78,"class3",0.423531899467808
78,"class4",0.413969901255708
78,"class5",0.405819304973858
78,"class6",0.384340392634247
78,"class7",0.316755636072489
78,"class8",0.248098149918037
78,"class9",0.183229828794977
79,"class1",0.468256617658105
79,"class10",0.14605971112637
79,"class2",0.434409075744863
79,"class4",0.417470128692352
79,"class5",0.403418974983676
79,"class6",0.382181753886073
79,"class7",0.323000852651598
79,"class8",0.258084065262329
79,"class9",0.191842646754909
8,"class1",0.470968592534361
8,"class10",0.0809837091915525
8,"class2",0.450682737792694
8,"class3",0.444184553621005
8,"class4",0.445975292754795
8,"class5",0.438538571238927
8,"class6",0.394008600951941
8,"class7",0.305202891707763
8,"class8",0.255085815749658
8,"class9",0.18596251772226
80,"class1",0.47217944228379
80,"class10",0.0899001729549087
80,"class2",0.428611432648402
80,"class3",0.42519811961347
80,"class4",0.402582958490639
80,"class5",0.399254051245205
80,"class6",0.380415413121689
80,"class7",0.322449786428881
80,"class8",0.250704612984018
80,"class9",0.182690840720662
81,"class1",0.452611895713927
81,"class10",0.0839991816366438
81,"class2",0.423822610921005
81,"class3",0.406837289369064
81,"class4",0.416929114155251
81,"class5",0.395204546183219
81,"class6",0.377729098066096
81,"class7",0.316519037630708
81,"class8",0.246772898111301
81,"class9",0.179126182709589
82,"class10",0.126348753722717
82,"class5",0.402638000608904
82,"class6",0.382430083841324
82,"class7",0.339823623185616
82,"class8",0.258207457849201
82,"class9",0.179962514319521
83,"class10",0.120544722344977
83,"class6",0.386203903491164
83,"class7",0.322382017815753
83,"class8",0.242928579272374
83,"class9",0.204376214366553
84,"class1",0.444182334004452
84,"class10",0.137402105758219
84,"class4",0.41467412043379
84,"class5",0.401461960966096
84,"class6",0.382392803695091
84,"class7",0.316569942732763
84,"class8",0.255744716674201
84,"class9",0.189354779656393
85,"class4",0.44787697193121
85,"class5",0.438704515951826
85,"class6",0.404924442813242
85,"class7",0.334767896796461
85,"class8",0.252563812452283
85,"class9",0.193361622323174
86,"class4",0.444365183639064
86,"class5",0.435626946782192
86,"class6",0.394824510692694
86,"class7",0.335050045082306
86,"class8",0.283087553905708
87,"class1",0.467760646644863
87,"class10",0.131805107319292
87,"class2",0.449637101502626
87,"class3",0.442680935795548
87,"class4",0.441972585141324
87,"class5",0.435620724972717
87,"class6",0.395672026704909
87,"class7",0.329918837954795
87,"class8",0.257441034552169
87,"class9",0.189720799890388
88,"class10",0.131185525321005
88,"class5",0.407466102532991
88,"class6",0.380382574423402
88,"class7",0.311362993305365
88,"class8",0.242800468475228
88,"class9",0.185250718277169
89,"class10",0.12026594864726
89,"class4",0.414167642694064
89,"class5",0.408759857305936
89,"class6",0.385353513277511
89,"class7",0.310127651275228
89,"class8",0.24379930650605
89,"class9",0.182739170406849
9,"class10",0.118218743362329
9,"class3",0.444252121575342
9,"class5",0.437567250053196
9,"class6",0.394452528626941
9,"class7",0.332305602522831
9,"class8",0.254153108507763
9,"class9",0.192411743102283
90,"class1",0.442629873287671
90,"class10",0.120002602686986
90,"class2",0.442030013926941
90,"class3",0.427152616161073
90,"class4",0.4317638596621
90,"class5",0.425344944716781
90,"class6",0.380272595751712
90,"class7",0.316139299974315
90,"class8",0.250469679450799
90,"class9",0.191003406035046
91,"class1",0.453885747541324
91,"class10",0.111431565248516
91,"class2",0.439437813227854
91,"class3",0.416733468607306
91,"class4",0.412942529034817
91,"class5",0.401355173034361
91,"class6",0.383896264627968
91,"class7",0.310141015406507
91,"class8",0.249667514188584
91,"class9",0.180636456626142
92,"class1",0.460030378641781
92,"class10",0.123614539809018
92,"class2",0.447921593930251
92,"class3",0.44102732391347
92,"class4",0.42852126197911
92,"class5",0.42541925797968
92,"class6",0.396540303708562
92,"class7",0.327717508245662
92,"class8",0.249123481926027
92,"class9",0.190230758458448
93,"class1",0.463794968658904
93,"class10",0.12289308556621
93,"class2",0.449239182083333
93,"class3",0.442330305639384
93,"class4",0.437000718721119
93,"class5",0.431952315346233
93,"class6",0.399418573354795
93,"class7",0.335349434381621
93,"class8",0.257511777974658
93,"class9",0.191005057593265
94,"class1",0.469240471583562
94,"class5",0.419299393670205
94,"class6",0.390733501664269
94,"class7",0.325511156975799
94,"class8",0.269631219208904
95,"class1",0.461483238263813
95,"class10",0.135813201696804
95,"class2",0.45095593784863
95,"class3",0.449695222585388
95,"class4",0.448558306892694
95,"class5",0.439786158224315
95,"class6",0.396473310860959
95,"class7",0.325565601087443
95,"class8",0.259883131960388
95,"class9",0.184710801894292
96,"class1",0.465968410981621
96,"class2",0.45858625715468
96,"class3",0.456937326690753
96,"class4",0.455531932456393
96,"class5",0.44707552355331
96,"class6",0.405785498542694
96,"class7",0.343806419386416
96,"class8",0.267776702856963
97,"class1",0.462301663677511
97,"class2",0.462994673508219
97,"class3",0.460424483341667
97,"class4",0.460590872498174
97,"class5",0.453315842539954
97,"class6",0.407069682297603
97,"class7",0.354794240359817
98,"class1",0.466800609285274
98,"class2",0.458939420508105
98,"class3",0.458553819869064
98,"class4",0.457944310977283
98,"class5",0.452355897996918
98,"class6",0.406983224706621
98,"class7",0.358904476405365
99,"class1",0.465605085022717
99,"class2",0.460219172474087
99,"class3",0.460904912681849
99,"class4",0.461278547505822
99,"class5",0.452538546194292
99,"class6",0.417283789003767
99,"class7",0.358481330076484
